time_stamp,lake_number_rbr,depth_rbr,water_temp_rbr,o2_dis_rbr,percent_o2_sat,sp_cond_rbr,chlorophyll_rbr,voltage_rbr
2018-05-29T08:17:26Z,303,0.063,23.46,8.82,98.67408562037299,30.5418642254005,NA,NA
2018-05-29T08:18:26Z,303,0.519,23.41,8.95,100.0375210562565,30.5451281107819,1.244,NA
2018-05-29T08:19:31Z,303,1.02,23.16,8.96,99.69306737265283,30.2868620927751,1.364,NA
2018-05-29T08:21:40Z,303,1.28,23.13,9.16,101.86227866853342,30.2703127147092,2.653,NA
2018-05-29T08:22:38Z,303,1.539,22.92,9.01,99.80746538055473,30.131054310831,1.618,NA
2018-05-29T08:23:17Z,303,1.688,22.13,8.98,98.01606827725095,29.2024934944287,1.76,NA
2018-05-29T08:24:41Z,303,2.015,20.72,10.36,110.04260964561713,27.7616995733916,1.763,NA
2018-05-29T08:26:11Z,303,2.238,19.48,11.41,118.23194029131585,26.3565933426601,2.435,NA
2018-05-29T08:27:38Z,303,2.509,18.49,12.07,122.56133127803632,25.2125820192974,3.497,NA
2018-06-18T04:00:43Z,303,0.028,22.07,8.02,87.4383010421934,31.2499115034223,NA,NA
2018-06-18T04:01:21Z,303,0.367,22.03,8.06,87.80774842099594,28.7087450251641,NA,NA
2018-06-18T04:02:04Z,303,0.934,21.92,8.07,87.73303067068477,28.6081209476179,NA,NA
2018-06-18T04:02:53Z,303,1.955,21.64,8.11,87.69722074963822,28.3913120485959,NA,NA
2018-06-18T04:05:18Z,303,2.532,21.43,7.698,82.90629202133965,25.2893882517043,NA,NA
2018-07-16T04:34:00Z,303,0.062,23.74,7.203,80.99268038349241,30.2151717326505,NA,NA
2018-07-16T04:35:02Z,303,0.466,23.86,7.149,80.55884104123062,30.3605216512765,NA,NA
2018-07-16T04:35:53Z,303,1,23.88,7.138,80.46370148244806,30.385970537824,NA,NA
2018-07-16T04:36:50Z,303,1.967,23.88,7.145,80.54260956739863,30.385970537824,NA,NA
2018-07-16T04:38:27Z,303,2.27,23.88,7.083,79.84370938640791,30.2609436142819,NA,NA
2018-08-20T08:20:22Z,303,0.023,22.28,9.24,101.1400420158064,28.1652394424597,NA,NA
2018-08-20T08:21:04Z,303,0.504,22.27,9.28,101.55873645555766,28.186626603771,40.47,NA
2018-08-20T08:21:48Z,303,0.982,22.26,9.28,101.5395931696205,28.1671605831842,39.36,NA
2018-08-20T08:22:34Z,303,1.995,22.11,9.27,101.14309472547716,28.0995978872559,67.81,NA
2018-08-20T08:23:21Z,303,2.254,22.05,9.13,99.502363306006,27.8610309465927,75.89,NA
2018-09-18T04:15:59Z,303,0.031,17.45,9.09,90.31731221541025,22.582857734467,NA,NA
2018-09-18T04:16:45Z,303,0.503,17.44,9.02,89.60288636526188,22.5922538623168,32.14,NA
2018-09-18T04:17:25Z,303,0.985,17.32,9.06,89.77232163758191,22.4757302341395,51.89,NA
2018-09-18T04:18:11Z,303,2.046,16.83,8.9,87.27370252738064,21.8995768424011,113.5,NA
2018-10-15T02:06:00Z,303,0.078,2.782,11.35,80.63142876801396,4.07242534740774,NA,NA
2018-10-15T02:06:38Z,303,0.497,2.882,11.3,80.46727574899371,4.21409719328259,30.65,NA
2018-10-15T02:07:51Z,303,1.027,4.211,10.95,80.47493942772573,6.06256055722,50.5,NA
2018-10-15T02:08:42Z,303,1.944,4.197,10.71,78.68497318567398,6.03410845580307,90.1,NA
2018-10-15T02:11:11Z,303,2.485,4.294,10.42,76.73069351507506,6.13984666111879,91,NA
2019-01-15T09:44:09Z,303,0.015,0.769,7.285,49.333341240663195,1.03113656994901,NA,NA
2019-01-15T09:46:44Z,303,0.541,2.591,3.859,27.290478105733047,3.34074718757051,NA,NA
2019-01-15T09:48:05Z,303,1.024,3.784,2.001,14.557722530230535,4.73551687716189,NA,NA
2019-01-15T09:49:10Z,303,2.017,4.931,0.791,5.913346051238703,3.15122761117008,NA,NA
2019-03-26T05:48:30Z,303,0.073,1.223,1.301,8.9059503135526,1.59337531089058,NA,NA
2019-03-26T05:49:28Z,303,0.507,2.057,0.506,3.533225144373401,2.44953563615881,NA,NA
2019-03-26T05:50:13Z,303,1.063,3.631,0.274,1.9861836786494278,3.70603233056461,NA,NA
2019-03-26T05:51:14Z,303,1.753,4.202,0.12,0.8817289088869821,3.54004965505156,NA,NA
2019-05-14T07:24:50Z,303,0.186,14.67,10.15,94.97362425334738,19.2854523010424,0,6.232
2019-05-14T07:25:36Z,303,0.522,14.46,10.21,95.09324815817953,19.0476441383707,0,8.21
2019-05-14T07:26:30Z,303,1.078,13.94,10.19,93.81883274963181,18.4415440096732,0,7.824
2019-05-14T07:27:10Z,303,2.004,13.77,10.23,93.83118256086782,18.2489248772472,0,13.24
2019-05-14T07:28:46Z,303,2.293,13.59,10.21,93.27228890916395,18.0377718109047,0,14.68
2019-06-10T08:33:38Z,303,0.049,20.08,9.5,99.63570041537598,26.9455694130214,NA,0
2019-06-10T08:34:22Z,303,0.539,20.11,9.45,99.1706981545002,26.9927451125145,NA,0
2019-06-10T08:35:02Z,303,1.009,20.01,9.46,99.07741791349304,26.8929925006048,NA,0
2019-06-10T08:36:01Z,303,2.01,19.22,9.04,93.18023017526824,25.9444691170376,NA,0
2019-06-10T08:37:53Z,303,2.251,18.87,8.96,91.69697025389772,25.5048941823972,NA,0
2019-06-10T08:41:55Z,303,2.508,18.27,8.26,83.49209037319645,24.7003043261359,NA,0
2019-07-08T08:50:16Z,303,0.025,24.17,7.786,88.22287379977664,29.8622899940943,NA,0
2019-07-08T08:50:59Z,303,0.545,24.18,7.806,88.46516592011511,29.9099362094537,0,1.735
2019-07-08T08:51:45Z,303,1.053,24.18,7.8,88.39716809850087,29.9170044392974,0,1.871
2019-07-08T08:52:32Z,303,2.047,24.17,7.796,88.33618342448737,29.9046318154598,0,1.99
2019-08-13T07:57:44Z,303,0.03,22.13,7.74,84.4815555084546,28.0569100125007,NA,0
2019-08-13T07:58:30Z,303,0.513,22.17,7.689,83.98841568285314,28.1212422561938,0,1.775
2019-08-13T07:59:20Z,303,1.016,22.12,7.663,83.62527517468085,28.0850372266407,0,2.456
2019-08-13T08:00:13Z,303,2.029,22.08,7.632,83.2238935740293,28.0478541105096,0,2.568
2019-08-13T08:01:11Z,303,2.542,21.88,7.401,80.39870195366888,27.7937974609578,0,3.104
2019-09-09T08:11:40Z,303,0.079,16.2,11.08,107.19274094886053,20.9237986252289,NA,0
2019-09-09T08:12:21Z,303,0.511,16.1,11.12,107.34788812699291,20.970531843948,NA,0
2019-09-09T08:13:00Z,303,1.018,15.38,11.08,105.30288657498677,20.0177791198164,NA,0
2019-09-09T08:13:52Z,303,1.942,15.15,10.65,100.7085750534497,20.3143290438588,NA,0
2019-09-09T08:16:08Z,303,2.499,15.04,9.64,90.93833456439688,20.6102215187705,NA,0
2019-09-09T08:16:09Z,303,2.5,15.04,9.64,90.93833456439688,20.6156174267762,NA,0
2019-10-07T08:02:24Z,303,0.051,9.13,8.49,70.04906786627413,12.826979084859,NA,0
2019-10-07T08:03:10Z,303,0.505,9.12,8.49,70.03278645251903,12.8163689765174,NA,0
2019-10-07T08:03:59Z,303,1.022,9.11,8.46,69.76909963894387,12.8091922475563,NA,0
2019-10-07T08:04:53Z,303,1.966,9.02,8.45,69.54093620822695,12.6894626814438,NA,0
2019-10-07T08:07:18Z,303,2.974,9.01,NA,NA,7.7021778955188,NA,0
2019-10-21T03:17:31Z,303,0.198,8.16,9.56,77.11373092255232,11.285526588756,0,2.395
2019-10-21T03:18:28Z,303,0.536,8.15,9.43,76.04733301327728,11.2776544692722,0,2.634
2019-10-21T03:19:09Z,303,0.992,8.14,9.42,75.94893079405634,11.2667946522865,0,2.479
2019-10-21T03:19:52Z,303,2.007,8.1,9.41,75.79738028492821,11.2143942981035,0,2.861
2019-10-21T03:22:38Z,303,2.641,8.05,9.1,73.21466958486127,11.0458574604133,0,3.01
2019-10-21T03:23:50Z,303,2.632,8.05,9.04,72.73193549968634,10.9682438683429,0,3.123
2018-05-29T06:49:50Z,304,0.091,23.27,8.66,96.54934346655484,30.4840106320683,NA,NA
2018-05-29T06:50:34Z,304,0.356,23.08,8.77,97.43581054900969,30.2957511127913,4.601,NA
2018-05-29T06:54:05Z,304,1.047,21.77,10.08,109.27154269696776,29.1163839510813,6.549,NA
2018-05-29T06:55:38Z,304,1.272,20.12,11.67,122.49238949116064,27.3142812149153,7.494,NA
2018-05-29T06:57:04Z,304,1.541,17.81,12.11,121.23829500763651,24.6904680375583,2.214,NA
2018-05-29T06:57:21Z,304,1.543,17.88,12.17,122.01778515328294,24.7678361665817,2.107,NA
2018-05-29T06:59:14Z,304,1.78,15.91,12.56,120.75196701144709,22.3763988765388,2.41,NA
2018-05-29T07:00:36Z,304,2.015,14.6,12.75,119.11782738425427,20.7064002632266,4.818,NA
2018-05-29T07:01:24Z,304,2.25,12.9,12.7,114.23763339202003,18.3650284302029,5.748,NA
2018-05-29T07:03:05Z,304,2.497,11.57,10.62,92.69067579914204,16.4180078726973,7.311,NA
2018-05-29T07:05:01Z,304,2.765,10.1,8.32,70.20671214562408,14.3049156505692,10.19,NA
2018-05-29T07:06:52Z,304,3.028,8.81,6.275,51.38954199275438,12.4509065418844,12.15,NA
2018-05-29T07:08:54Z,304,3.265,8.08,4.676,37.64748316994063,11.3609520702804,12.6,NA
2018-05-29T07:10:03Z,304,3.507,7.52,3.653,29.027864524977627,10.5198807560325,13.65,NA
2018-05-29T07:11:40Z,304,3.754,6.852,1.776,13.89293416802245,9.4267200462256,13.75,NA
2018-05-29T07:13:18Z,304,4.028,6.539,0.942,7.314795947593725,8.93972826725946,11.62,NA
2018-05-29T07:14:31Z,304,5.018,5.779,0.252,1.9220592173631141,7.46043221192327,3.127,NA
2018-05-29T07:15:16Z,304,5.694,5.632,0.099,0.7524770404053415,6.98642286961861,1.808,NA
2018-06-18T02:09:59Z,304,0.011,21.51,8.17,88.12549217500865,35.4813253751354,NA,NA
2018-06-18T02:10:14Z,304,0.036,21.49,8.17,88.09154242347029,30.9902010974194,NA,NA
2018-06-18T02:10:49Z,304,0.368,21.47,8.19,88.27315043195843,28.5909851172403,NA,NA
2018-06-18T02:11:31Z,304,0.917,21.32,8.15,87.58781282753073,28.4346283626082,NA,NA
2018-06-18T02:11:58Z,304,1.113,21.25,8.13,87.2544334046032,28.3412688886222,NA,NA
2018-06-18T02:13:08Z,304,1.626,21,7.934,84.73760916726928,28.014978675265,NA,NA
2018-06-18T02:14:51Z,304,2.009,19.06,9.89,101.6093237085297,26.0304991136519,NA,NA
2018-06-18T02:16:36Z,304,2.261,17.54,10.68,106.3169621719918,24.2008143284274,NA,NA
2018-06-18T02:17:44Z,304,2.511,15.21,11.65,110.3095498618793,21.1251760431337,NA,NA
2018-06-18T02:18:52Z,304,2.762,13.52,12.07,110.09172638329524,18.8881686299931,NA,NA
2018-06-18T02:20:41Z,304,3.003,12.11,9.82,86.7680923373315,16.9228382855809,NA,NA
2018-06-18T02:22:37Z,304,3.263,10.41,6.384,54.25669913943945,14.4930562806724,NA,NA
2018-06-18T02:24:47Z,304,3.518,9.37,3.265,27.08936446349342,12.9453146802908,NA,NA
2018-06-18T02:26:35Z,304,3.757,8.34,1.515,12.27193431909547,11.4678268330647,NA,NA
2018-06-18T02:27:54Z,304,4.003,7.886,0.476,3.8150212337489733,10.7531866849204,NA,NA
2018-06-18T02:28:21Z,304,4.127,7.522,0.338,2.6859782196290976,10.2435045259622,NA,NA
2018-06-18T02:29:04Z,304,4.464,6.902,0.186,1.4567154080052604,9.27613364513615,NA,NA
2018-06-18T02:29:52Z,304,4.697,6.652,0.113,0.8798028970562446,8.69029018148754,NA,NA
2018-06-18T02:30:18Z,304,4.849,6.537,0.091,0.7065977445618702,8.231939977484,NA,NA
2018-06-18T02:31:11Z,304,5.823,6.127,0.079,0.6075201761968465,6.65446626879612,NA,NA
2018-07-16T02:05:53Z,304,0.13,23.77,7.461,83.93897211463477,30.8380902957966,NA,NA
2018-07-16T02:12:03Z,304,0.498,23.79,7.429,83.6089940254805,30.9253424016473,NA,NA
2018-07-16T02:12:55Z,304,1.04,23.79,7.429,83.6089940254805,30.9176659566477,NA,NA
2018-07-16T02:13:53Z,304,2.015,23.76,7.417,83.42895987134895,30.8863444919352,NA,NA
2018-07-16T02:15:50Z,304,2.278,23.6,7.513,84.26542543496852,30.6935972635878,NA,NA
2018-07-16T02:17:45Z,304,2.506,23.08,7.708,85.63685606747623,30.0695847713448,NA,NA
2018-07-16T02:22:17Z,304,2.749,19.73,9.91,103.20859885930284,26.0223636694566,NA,NA
2018-07-16T02:23:20Z,304,3.016,16.99,10.49,103.21654460846987,22.7465943702514,NA,NA
2018-07-16T02:25:23Z,304,3.287,15.25,8.99,85.19749750120313,20.490399072356,NA,NA
2018-07-16T02:27:13Z,304,3.508,13.22,6.994,63.36577688591951,17.721892301299,NA,NA
2018-07-16T02:28:46Z,304,3.743,11.82,4.343,38.121990882863564,15.7123810106172,NA,NA
2018-07-16T02:29:04Z,304,3.737,11.85,4.359,38.28856875814045,15.8245808489187,NA,NA
2018-07-16T02:30:52Z,304,4.016,10.25,0.745,6.308338570436277,13.3707627726657,NA,NA
2018-07-16T02:32:04Z,304,4.26,9.16,0.219,1.8081797842610334,11.901451821208,NA,NA
2018-07-16T02:32:50Z,304,4.5,8.25,0.089,0.7194114365705023,9.92821598984314,NA,NA
2018-07-16T02:33:24Z,304,4.741,7.725,0.06,0.47907518527775333,8.18956972159704,NA,NA
2018-07-16T02:33:58Z,304,4.644,7.748,0.043,0.3435222745654746,8.21229002908431,NA,NA
2018-07-16T02:34:42Z,304,5.034,7.377,0.038,0.3009483581678833,7.51625363102194,NA,NA
2018-07-16T02:35:24Z,304,5.275,7.159,0.035,0.2757740245081872,7.05391083635991,NA,NA
2018-07-16T02:35:50Z,304,5.511,7.121,0.035,0.2755279276967326,6.99146905285771,NA,NA
2018-07-16T02:36:25Z,304,5.764,7.03,0.03,0.23566227063248954,6.81900630685334,NA,NA
2018-07-16T02:37:05Z,304,5.976,6.981,0.031,0.24323733307439976,6.64347177309608,NA,NA
2018-08-20T07:04:20Z,304,0.047,22.77,8.18,90.36181386704492,29.4677175136856,NA,NA
2018-08-20T07:05:00Z,304,0.513,22.72,8.18,90.27790806883635,29.439394626533,1.049,NA
2018-08-20T07:05:45Z,304,1.002,22.44,8.19,89.91689274739016,29.1631956312389,4.505,NA
2018-08-20T07:06:59Z,304,2.072,21.79,8.05,87.29883904066439,28.4597390689917,2.607,NA
2018-08-20T07:07:54Z,304,2.246,21.76,8.03,87.03201325747928,28.4205563167168,2.44,NA
2018-08-20T07:08:22Z,304,2.506,21.72,8.03,86.96541337857653,28.375391272085,2.612,NA
2018-08-20T07:09:09Z,304,2.763,21.64,7.95,85.96706596296227,28.2567762726648,2.601,NA
2018-08-20T07:10:21Z,304,3.034,20.33,6.772,71.3790648507184,26.2386569111693,2.784,NA
2018-08-20T07:11:29Z,304,3.292,18.84,6.72,68.73037926231267,24.2081904377648,5.148,NA
2018-08-20T07:13:09Z,304,3.757,16.33,3.611,35.03231618387382,20.8093605167552,8.05,NA
2018-08-20T07:15:09Z,304,3.53,17.31,4.791,47.462275500834345,22.1066020964875,6.994,NA
2018-08-20T07:16:02Z,304,3.778,16.03,2.926,28.203716184201546,20.3774726594826,7.845,NA
2018-08-20T07:17:29Z,304,4.033,14.12,0.374,3.457201760307303,17.6494925770884,9.46,NA
2018-08-20T07:18:11Z,304,4.244,12.22,0.126,1.1160994803383244,15.1300728150231,7.914,NA
2018-08-20T07:18:41Z,304,4.505,11.19,0.07,0.6056728072215378,13.9371867558115,8.88,NA
2018-08-20T07:19:34Z,304,4.741,10.18,0.057,0.4818725567555521,10.4045616541822,18.26,NA
2018-08-20T07:20:07Z,304,4.972,9.57,0.052,0.4334445314208473,8.488580331507,10.03,NA
2018-08-20T07:20:48Z,304,5.258,8.92,0.05,0.41052849591185464,7.51481268992383,3.671,NA
2018-08-20T07:21:22Z,304,5.486,8.73,0.049,0.400541664481881,7.19157769869514,2.861,NA
2018-08-20T07:21:49Z,304,5.754,8.49,0.043,0.34953413315120074,6.87382045969585,2.521,NA
2018-09-18T02:05:55Z,304,0.063,17.35,8.65,85.76417022080864,23.3120277970738,NA,NA
2018-09-18T02:06:34Z,304,0.5,17.36,8.67,85.98064295075253,23.3374424797915,24.3,NA
2018-09-18T02:07:14Z,304,0.977,17.35,8.69,86.16076753974879,23.3299895922698,34.83,NA
2018-09-18T02:07:57Z,304,1.967,17.35,8.68,86.06161821001376,23.3359830097904,43.13,NA
2018-09-18T02:08:36Z,304,3.016,17.3,8.66,85.77256280816003,23.2747115550198,46.05,NA
2018-09-18T02:11:41Z,304,3.941,16.59,2.799,27.30663052231796,21.3432755173718,45.43,NA
2018-09-18T02:14:04Z,304,4.26,15.35,0.198,1.8805344208140966,18.4259110322591,55.78,NA
2018-09-18T02:14:50Z,304,4.478,14.3,0.101,0.9373631441108825,15.4860955437948,87.9,NA
2018-09-18T02:15:39Z,304,4.517,14.11,0.194,1.7929097926665019,14.6384327851097,84.8,NA
2018-09-18T02:16:15Z,304,4.763,13,0.09,0.8113818847725032,12.2138322589859,51.98,NA
2018-09-18T02:16:48Z,304,5.002,11.74,0.057,0.4994240742336934,9.21583742446389,55.25,NA
2018-09-18T02:17:21Z,304,5.245,11.2,0.05,0.4327224734416582,8.42074872485805,49.59,NA
2018-09-18T02:17:55Z,304,5.508,10.11,0.043,0.36293098207980795,7.01493883611687,29.19,NA
2018-09-18T02:18:22Z,304,5.525,10.45,0.041,0.3487743055417101,7.38294151933165,31.27,NA
2018-09-18T02:18:52Z,304,5.797,10.25,0.04,0.3387027420368471,7.18540374608396,27.93,NA
2018-09-18T02:19:40Z,304,5.938,9.55,0.038,0.31660112034097104,6.3697496254854,29.87,NA
2018-10-15T02:55:15Z,304,0.068,3.817,10.5,76.4497091451703,5.62367216805306,NA,NA
2018-10-15T02:55:52Z,304,0.51,3.83,10.41,75.81781710508402,5.6444137252099,67.47,NA
2018-10-15T02:56:29Z,304,1.025,3.862,10.38,75.65676260787833,5.68837094895048,110.5,NA
2018-10-15T02:57:16Z,304,2.012,3.918,10.33,75.39246058984868,5.77085380061833,142.6,NA
2018-10-15T02:58:01Z,304,2.945,3.914,10.3,75.16637296713935,5.76658445526845,47.33,NA
2018-10-15T02:58:45Z,304,4.002,3.949,10.29,75.15579338570258,5.81487807751207,51.77,NA
2018-10-15T02:59:32Z,304,4.987,3.972,10.26,74.97759067066164,5.84874543526917,51.27,NA
2018-10-15T03:00:27Z,304,6.041,3.974,10.22,74.68882489705791,5.85004511924582,50.89,NA
2019-01-15T08:29:45Z,304,0.013,2.265,10.79,75.71656735713933,3.26450253449347,NA,NA
2019-01-15T08:30:42Z,304,0.021,1.119,10.79,73.6799988355965,1.6163536275511,NA,NA
2019-01-15T08:32:57Z,304,1.008,3.548,7.559,54.68613732861083,5.0773261895869,NA,NA
2019-01-15T08:35:04Z,304,2.015,4.311,5.521,40.671877962108674,6.06803632657887,NA,NA
2019-01-15T08:36:48Z,304,3.006,4.633,3.191,23.687440005327332,6.4279550140269,NA,NA
2019-01-15T08:40:02Z,304,5.009,4.854,0.769,5.738406162401995,5.74630319976986,NA,NA
2019-01-15T08:41:43Z,304,5.682,5.038,0.161,1.2066541377119404,4.36300023382494,NA,NA
2019-01-15T08:42:49Z,304,5.204,5.015,0.11,0.823973354948901,4.4740713514015,NA,NA
2019-03-26T04:17:02Z,304,0.534,2.343,6.366,44.755021567963496,3.29351039290187,NA,NA
2019-03-26T04:18:45Z,304,1.006,3.234,4.017,28.845333869579044,4.54841445422543,NA,NA
2019-03-26T04:20:38Z,304,2.024,4.171,1.661,12.195627050499933,5.77014327828802,NA,NA
2019-03-26T04:21:37Z,304,3.017,4.311,0.94,6.924753719322976,5.8509613166088,NA,NA
2019-03-26T04:22:29Z,304,4.005,4.733,0.464,3.452536245868604,5.47432802710214,NA,NA
2019-03-26T04:23:33Z,304,4.996,5.055,0.254,1.9044317056763278,4.84405125590773,NA,NA
2019-03-26T04:24:19Z,304,5.504,5.151,0.149,1.119707687057167,4.08887407125167,NA,NA
2019-05-13T07:27:54Z,304,0.102,13.98,10.24,94.36309880645041,19.117608849347,NA,0
2019-05-13T07:28:37Z,304,0.495,13.93,10.29,94.7184510725754,19.0641722207776,NA,0
2019-05-13T07:29:38Z,304,0.994,12.55,10.14,90.49291699377666,17.3662041213946,NA,0
2019-05-13T07:30:06Z,304,1.19,12.3,10.16,90.15992627177944,17.0518111657478,NA,0
2019-05-13T07:30:42Z,304,1.257,12.32,10.2,90.55590673096727,17.0750164236156,NA,0
2019-05-13T07:31:40Z,304,1.534,11.53,10.17,88.6821237995254,16.0694400503964,NA,0
2019-05-13T07:32:22Z,304,1.766,10.56,10.04,85.62371560873143,14.8280660466775,NA,0
2019-05-13T07:33:06Z,304,2.005,9.99,9.96,83.83224313833493,14.0578496696616,NA,0
2019-05-13T07:33:47Z,304,2.26,9.24,9.68,80.07189375198652,13.0868733278474,NA,0
2019-05-13T07:34:42Z,304,2.512,8.12,9.2,74.14049906629307,11.5537191023386,NA,0
2019-05-13T07:35:32Z,304,2.776,7.939,9.1,73.02476789879992,11.3084724517122,NA,0
2019-05-13T07:36:22Z,304,2.967,7.644,8.79,70.05141735514884,10.900130619043,NA,0
2019-05-13T07:37:13Z,304,3.26,7.391,8.44,66.86417927985005,10.5594916128405,NA,0
2019-05-13T07:38:32Z,304,3.503,6.904,7.397,57.934573781716075,9.83419748162498,NA,0
2019-05-13T07:40:13Z,304,3.765,6.615,6.104,47.483544881813145,9.37408331668247,NA,0
2019-05-13T07:41:32Z,304,4.009,6.266,4.785,36.918091529635554,8.80799663761124,NA,0
2019-05-13T07:43:15Z,304,4.998,5.904,2.464,18.84902133316017,8.05057243060745,NA,0
2019-05-13T07:46:11Z,304,6.028,5.841,1.045,7.9821225762839365,7.50715242308414,NA,0
2019-05-13T07:48:16Z,304,0.755,12.92,10.32,92.87112848545142,17.8310685668072,NA,0
2019-06-10T07:10:07Z,304,0.054,19.31,9,92.93800860567235,26.0123043183658,NA,0
2019-06-10T07:10:59Z,304,0.523,19.3,8.93,92.19640777294181,26.0055244896584,NA,0
2019-06-10T07:11:38Z,304,0.959,19.29,8.93,92.17765781225111,25.9853625220754,NA,0
2019-06-10T07:12:59Z,304,1.264,19.23,8.98,92.58063427657515,25.951276916184,NA,0
2019-06-10T07:13:50Z,304,1.517,18.38,9.06,91.78781463572406,24.9262586879132,NA,0
2019-06-10T07:15:11Z,304,1.772,17.91,9.29,93.20108416069185,24.314054500951,NA,0
2019-06-10T07:16:26Z,304,2.046,16.92,10.06,98.83815228001981,23.1683070704415,NA,0
2019-06-10T07:18:06Z,304,2.241,15.84,11.17,107.22575517201876,21.8667645885418,NA,0
2019-06-10T07:22:12Z,304,2.528,14.93,13.08,123.09182816244335,20.7693420584046,NA,0
2019-06-10T07:24:59Z,304,2.717,13.51,14.51,132.3176291070059,18.9805572219545,NA,0
2019-06-10T07:27:06Z,304,3.033,11.48,14.33,124.8146669863246,16.3124023991167,NA,0
2019-06-10T07:30:24Z,304,3.252,10.56,12.79,109.07642655733817,15.0214439647508,NA,0
2019-06-10T07:32:51Z,304,3.502,9.8,9.31,78.01771320529404,13.8988166150425,NA,0
2019-06-10T07:34:11Z,304,3.747,8.97,6.691,55.000884263269974,12.7044646916441,NA,0
2019-06-10T07:38:18Z,304,4.008,8.34,4.657,37.723035065364755,11.7707830534597,NA,0
2019-06-10T07:39:51Z,304,4.279,7.702,2.149,17.14963152662012,10.6888047884513,NA,0
2019-06-10T07:43:24Z,304,4.525,7.505,0.95,7.546337615896478,10.2470067953835,NA,0
2019-06-10T07:44:16Z,304,4.769,7.211,0.273,2.1536664012871065,9.73641074664269,NA,0
2019-06-10T07:44:58Z,304,5.041,7.016,0.107,0.8402522016197879,9.3692201886931,NA,0
2019-06-10T07:45:33Z,304,6.001,6.782,0.05,0.39048628661069823,8.32423011304359,NA,0
2019-07-08T07:09:05Z,304,0.44,24.42,7.731,87.98688182474618,31.0806442169892,0,0.649
2019-07-08T07:13:20Z,304,0.996,24.27,7.749,87.95908655754248,31.0330674147678,0,0.899
2019-07-08T07:15:00Z,304,1.244,23.32,7.784,86.86217910358653,30.0088920001596,0,1.045
2019-07-08T07:15:45Z,304,1.503,23.11,7.764,86.30658945780407,29.7972472036876,0,1.114
2019-07-08T07:16:39Z,304,1.752,22.79,7.778,85.95294896564374,29.4644681010609,0,1.17
2019-07-08T07:17:18Z,304,1.716,22.87,7.674,84.92947894162697,29.5168757284034,0,1.081
2019-07-08T07:18:10Z,304,1.996,22.5,7.839,86.16011678163552,29.1471165081495,0,1.364
2019-07-08T07:22:39Z,304,2.248,22.16,8.55,93.37562721391701,28.7636062501136,0,1.545
2019-07-08T07:35:55Z,304,2.519,19.66,12.52,130.2068268364902,26.2073231205644,0,1.906
2019-07-08T07:39:00Z,304,2.76,18.15,13.64,137.52938847294422,24.4559725122954,0,2.916
2019-07-08T07:40:10Z,304,3.009,16.18,13.88,134.22327166081837,22.1550359574317,0,3.324
2019-07-08T07:41:17Z,304,3.266,14.09,13.44,124.15468551434557,19.4509288543279,0,2.108
2019-07-08T07:42:19Z,304,3.527,12.92,12.34,111.04939200682854,17.8263695053182,0,2.273
2019-07-08T07:43:57Z,304,3.738,12.34,10.26,91.12986038412434,16.976900958906,0,2.689
2019-07-08T07:45:23Z,304,3.99,11.29,5.711,49.52744424544552,15.3747894307515,0,4.948
2019-07-08T07:50:59Z,304,4.283,9.78,0.741,6.206699640863689,13.0336916932205,0,4.948
2019-07-08T07:52:05Z,304,4.513,9.47,0.415,3.451209641182827,12.604516329969501,0,4.948
2019-07-08T07:52:48Z,304,4.733,9.05,0.251,2.067095681669324,12.0669723632999,0,4.948
2019-07-08T07:53:27Z,304,4.994,8.6,0.124,1.010548619918606,11.3570484351704,0,4.948
2019-07-08T07:53:58Z,304,5.257,8.14,0.07,0.5643763434802489,10.0713158037999,0,4.626
2019-07-08T07:54:29Z,304,5.517,7.787,0.06,0.47977150977801114,8.45036185606278,0,3.083
2019-07-08T07:55:01Z,304,5.733,7.644,0.06,0.47816667136620383,7.80652402364834,0,2.039
2019-07-08T07:55:31Z,304,6.015,7.591,0.069,0.549208891852742,5.39508649835361,0,0.801
2019-08-13T06:48:03Z,304,0.063,21.88,9.26,100.59343062977624,29.5656098447535,NA,0
2019-08-13T06:48:56Z,304,0.517,21.89,9.3,101.04721723229906,29.5867585401523,0,1.471
2019-08-13T06:49:35Z,304,1.037,21.51,9.37,101.06926091552398,29.1257797679416,0,1.774
2019-08-13T06:51:13Z,304,2.029,21.05,7.629,81.55964513429406,27.9463854238026,0,2.781
2019-08-13T06:52:27Z,304,2.235,20.51,6.313,66.77879767884706,27.0920734220287,0,2.995
2019-08-13T06:54:27Z,304,2.495,19.74,4.121,42.92717462810577,25.5023273780533,0,4.299
2019-08-13T06:54:28Z,304,2.493,19.76,4.123,42.96530418820533,25.5344663606666,0,4.348
2019-08-13T06:55:47Z,304,2.777,18.71,2.966,30.25446429624486,23.7958668194554,0,2.762
2019-08-13T06:56:54Z,304,3.031,17.47,1.809,17.981625864764677,22.1381358853227,0,2.425
2019-08-13T06:58:09Z,304,3.274,16.23,0.22,2.129752208775898,20.4578628529076,0,4.126
2019-08-13T06:58:52Z,304,3.522,14.71,0.137,1.2830404124366186,17.2309984608068,0,2.902
2019-08-13T06:59:23Z,304,3.766,13.53,0.081,0.7389746380977197,15.6250360888675,0,2.32
2019-08-13T06:59:51Z,304,3.988,12.62,0.061,0.5452469493824239,15.2116370228584,0,2.144
2019-08-13T07:00:29Z,304,4.264,11.4,0.06,0.5216474641231522,14.1248187934431,0,1.975
2019-08-13T07:00:58Z,304,4.48,10.81,0.06,0.5146446145738026,12.8553199737899,0,1.885
2019-08-13T07:01:25Z,304,4.751,10.13,0.06,0.506649216823224,9.78066402308739,0,1.792
2019-08-13T07:01:51Z,304,5.016,9.63,0.059,0.49247709072914825,8.55484428051361,0,1.752
2019-08-13T07:02:18Z,304,5.255,9.42,0.057,0.47347208257353113,8.17954003546204,0,1.788
2019-08-13T07:02:41Z,304,5.5,9.23,0.056,0.46311824023752174,7.90056416704686,0,1.818
2019-08-13T07:03:10Z,304,5.74,9.12,0.06,0.49493135302133584,7.76199278951722,0,1.82
2019-08-13T07:03:41Z,304,6.001,9.04,0.058,0.4775444991196303,7.65408934963948,0,1.855
2019-09-09T06:49:00Z,304,0.062,15.74,10.32,98.85155707366344,21.9427870406513,NA,0
2019-09-09T06:50:01Z,304,0.512,15.69,10.28,98.36154393736449,21.884737592372,NA,0
2019-09-09T06:50:51Z,304,1.086,15.65,10.22,97.70248005485011,21.8173200245358,NA,0
2019-09-09T06:52:46Z,304,2.028,15.45,9.38,89.28253617609425,21.4414481928814,NA,0
2019-09-09T06:53:29Z,304,2.257,15.38,9.37,89.0512677985222,21.3669573480522,NA,0
2019-09-09T06:54:10Z,304,2.517,15.34,9.29,88.21389067293595,21.3057331033314,NA,0
2019-09-09T06:54:51Z,304,2.744,15.3,9.25,87.75735486682723,21.2332787929506,NA,0
2019-09-09T06:55:42Z,304,3.008,15.25,8.9,84.34457483433901,21.1135201291455,NA,0
2019-09-09T06:56:30Z,304,3.256,15.21,8.34,78.96838161786036,20.9859969176386,NA,0
2019-09-09T06:57:31Z,304,3.504,15.06,7.335,69.22461393534262,20.5783809487371,NA,0
2019-09-09T06:57:47Z,304,3.542,15.08,7.29,68.83009376329954,20.6164707555089,NA,0
2019-09-09T06:59:48Z,304,3.754,14.93,5.65,53.17039977964869,20.2265426972427,NA,0
2019-09-09T07:01:41Z,304,3.997,13.95,0.143,1.3168869552121256,15.8341534176232,NA,0
2019-09-09T07:02:32Z,304,4.259,13.18,0.171,1.547873241401581,14.1968493335129,NA,0
2019-09-09T07:03:20Z,304,4.509,11.77,0.1,0.8767814623848972,11.1563135066274,NA,0
2019-09-09T07:03:48Z,304,4.768,10.82,0.09,0.7721442112294863,8.88810029588667,NA,0
2019-09-09T07:04:16Z,304,4.987,10.23,0.081,0.6855567043998512,7.90603029949403,NA,0
2019-09-09T07:04:46Z,304,5.256,9.88,0.079,0.6632456344899483,7.24315748882369,NA,0
2019-09-09T07:05:15Z,304,5.505,9.55,0.071,0.5915441985318144,6.80216387160649,NA,0
2019-09-09T07:05:52Z,304,5.758,9.42,0.07,0.5814569435113541,6.61862658580045,NA,0
2019-09-09T07:06:29Z,304,5.963,9.27,0.082,0.6787677599041158,6.25712532677786,NA,0
2019-10-07T06:49:52Z,304,0.026,9.95,8.76,73.66383778819281,14.1192029674449,NA,0
2019-10-07T06:50:34Z,304,0.463,9.84,8.66,72.63791523032272,14.0010586166271,NA,0
2019-10-07T06:51:18Z,304,1.004,9.52,8.59,71.51875785488686,13.5789526234337,NA,0
2019-10-07T06:52:36Z,304,1.244,9.41,8.44,70.09083001317991,13.4403610758002,NA,0
2019-10-07T06:53:42Z,304,1.502,9.41,8.43,70.00778400605529,13.4403610758002,NA,0
2019-10-07T06:54:24Z,304,1.763,9.27,8.33,68.95287121952786,13.2440112638387,NA,0
2019-10-07T06:55:05Z,304,2.033,9.23,8.26,68.30994043503445,13.1904628523411,NA,0
2019-10-07T06:55:43Z,304,2.259,9.27,8.3,68.70454155127027,13.2440112638387,NA,0
2019-10-07T06:56:23Z,304,2.506,9.19,8.2,67.75075097731231,13.1297155895014,NA,0
2019-10-07T06:56:46Z,304,2.708,9.18,8.18,67.56980242475501,13.1154286302092,NA,0
2019-10-07T06:57:26Z,304,3.008,9.16,8.14,67.2081435793827,13.0904268393765,NA,0
2019-10-07T06:58:05Z,304,3.389,9.15,8.15,67.27507155070158,13.0797061568964,NA,0
2019-10-07T06:58:50Z,304,3.496,9.15,8.14,67.19252545063937,13.0797061568964,NA,0
2019-10-07T06:59:32Z,304,4,9.13,8.13,67.07878937017772,13.051116635242,NA,0
2019-10-07T07:00:12Z,304,4.993,9.11,8.07,66.55279362721951,13.0189725444017,NA,0
2019-10-07T07:01:02Z,304,6.03,9.08,7.677,63.26760230250558,12.8533066830117,NA,0
2019-10-21T02:14:23Z,304,0.022,8.36,10.76,87.19980242275248,12.0623954820846,NA,0
2019-10-21T02:15:33Z,304,0.514,8.27,10.76,87.01668677394376,12.0722701268975,0,4.928
2019-10-21T02:16:15Z,304,1.019,8.31,10.75,87.01708909388007,12.1340439512302,0,4.942
2019-10-21T02:17:18Z,304,2.025,7.988,10.28,82.58856105769304,11.6703775779145,0,4.948
2019-10-21T02:18:20Z,304,3.029,7.781,9.43,75.39349261935583,11.3489514508163,0,4.948
2019-10-21T02:19:20Z,304,4.051,7.587,8.86,70.51499221159523,11.0598312526604,0,4.948
2019-10-21T02:20:13Z,304,5.002,7.599,8.47,67.43002720597265,11.0680791005711,0,4.948
